{
    "n_samples": 1319,
    "accuracy": 0.7733131159969674,
    "avg_cot_length": 198.41470811220623,
    "sample_latency": 0.1071754353257903
}