{
    "n_samples": 1319,
    "accuracy": 0.9082638362395754,
    "avg_cot_length": 153.46171341925702,
    "sample_latency": 0.15067824402752023
}