{
    "n_samples": 1319,
    "accuracy": 0.8218347232752085,
    "avg_cot_length": 263.0993176648976,
    "sample_latency": 0.12976661046587037
}