{
    "n_samples": 1319,
    "accuracy": 0.7778620166793025,
    "avg_cot_length": 197.13570887035632,
    "sample_latency": 0.10606805820913365
}