{
    "n_samples": 1319,
    "accuracy": 0.7520849128127369,
    "avg_cot_length": 173.21000758150115,
    "sample_latency": 0.09855783085103646
}