{
    "n_samples": 1319,
    "accuracy": 0.8165276724791509,
    "avg_cot_length": 246.3100833965125,
    "sample_latency": 0.1240328907333964
}