{
    "n_samples": 1319,
    "accuracy": 0.9385898407884761,
    "avg_cot_length": 272.4791508718726,
    "sample_latency": 0.256134683205559
}