{
    "n_samples": 1319,
    "accuracy": 0.8794541319181198,
    "avg_cot_length": 200.18802122820318,
    "sample_latency": 0.10235476005791352
}