{
    "n_samples": 1319,
    "accuracy": 0.8271417740712661,
    "avg_cot_length": 151.62395754359363,
    "sample_latency": 0.08585505904891078
}