{
    "n_samples": 1319,
    "accuracy": 0.7725549658832449,
    "avg_cot_length": 194.7740712661107,
    "sample_latency": 0.03642935496193609
}