{
    "n_samples": 1319,
    "accuracy": 0.9234268385140257,
    "avg_cot_length": 179.3070507960576,
    "sample_latency": 0.1738686379019829
}