{
    "n_samples": 1319,
    "accuracy": 0.8309325246398787,
    "avg_cot_length": 150.54435178165278,
    "sample_latency": 0.03960193803221823
}