{
    "n_samples": 1319,
    "accuracy": 0.9249431387414708,
    "avg_cot_length": 211.2084912812737,
    "sample_latency": 0.1965241967230877
}