{
    "n_samples": 1319,
    "accuracy": 0.7725549658832449,
    "avg_cot_length": 195.94768764215314,
    "sample_latency": 0.10763491149017357
}