{
    "n_samples": 1319,
    "accuracy": 0.7907505686125853,
    "avg_cot_length": 226.10235026535253,
    "sample_latency": 0.04005860848531658
}