{
    "n_samples": 1319,
    "accuracy": 0.9052312357846853,
    "avg_cot_length": 153.52539802880972,
    "sample_latency": 0.1502431939279066
}