{
    "n_samples": 1319,
    "accuracy": 0.9249431387414708,
    "avg_cot_length": 176.10538286580743,
    "sample_latency": 0.16733140218791137
}