{
    "n_samples": 1319,
    "accuracy": 0.7899924184988628,
    "avg_cot_length": 225.89840788476118,
    "sample_latency": 0.1183872439808878
}