{
    "n_samples": 1319,
    "accuracy": 0.8407884761182715,
    "avg_cot_length": 150.10538286580743,
    "sample_latency": 0.08542243290164418
}