{
    "n_samples": 1319,
    "accuracy": 0.9347990902198635,
    "avg_cot_length": 271.7680060652009,
    "sample_latency": 0.14162985983899906
}