{
    "n_samples": 1319,
    "accuracy": 0.8180439727065959,
    "avg_cot_length": 262.1895375284306,
    "sample_latency": 0.04508128628936837
}