{
    "n_samples": 1319,
    "accuracy": 0.9363153904473086,
    "avg_cot_length": 244.29416224412432,
    "sample_latency": 0.12467561715294503
}