{
    "n_samples": 1319,
    "accuracy": 0.8786959818043972,
    "avg_cot_length": 187.579226686884,
    "sample_latency": 0.09815104446960635
}