{
    "n_samples": 1319,
    "accuracy": 0.935557240333586,
    "avg_cot_length": 271.7452615617892,
    "sample_latency": 0.25220229338298156
}