{
    "n_samples": 1319,
    "accuracy": 0.9363153904473086,
    "avg_cot_length": 244.31387414708112,
    "sample_latency": 0.22221172280705634
}