{
    "n_samples": 1319,
    "accuracy": 0.7490523123578469,
    "avg_cot_length": 170.63229719484457,
    "sample_latency": 0.09942569381997295
}