{
    "n_samples": 1319,
    "accuracy": 0.8809704321455648,
    "avg_cot_length": 213.58984078847612,
    "sample_latency": 0.10623779560780326
}