{
    "n_samples": 1319,
    "accuracy": 0.9075056861258529,
    "avg_cot_length": 153.95451099317665,
    "sample_latency": 0.08030092182983677
}