{
    "n_samples": 1319,
    "accuracy": 0.8316906747536013,
    "avg_cot_length": 151.17437452615619,
    "sample_latency": 0.08622998536943575
}