{
    "n_samples": 1319,
    "accuracy": 0.9181197877179682,
    "avg_cot_length": 180.01213040181955,
    "sample_latency": 0.09261815867883134
}