{
    "n_samples": 1319,
    "accuracy": 0.8119787717968158,
    "avg_cot_length": 261.9423805913571,
    "sample_latency": 0.13020926194266896
}