{
    "n_samples": 1319,
    "accuracy": 0.9272175890826384,
    "avg_cot_length": 169.55496588324488,
    "sample_latency": 0.16652146553432878
}