{
    "n_samples": 1319,
    "accuracy": 0.7702805155420773,
    "avg_cot_length": 198.18423047763457,
    "sample_latency": 0.10849456230377591
}