{
    "n_samples": 1319,
    "accuracy": 0.9059893858984079,
    "avg_cot_length": 236.08642911296437,
    "sample_latency": 0.11533488117446494
}