{
    "n_samples": 1319,
    "accuracy": 0.9196360879454132,
    "avg_cot_length": 180.73616376042457,
    "sample_latency": 0.1733640975532792
}