{
    "n_samples": 1319,
    "accuracy": 0.7407126611068992,
    "avg_cot_length": 172.1925701288855,
    "sample_latency": 0.0328524286228206
}