{
    "n_samples": 1319,
    "accuracy": 0.8074298711144806,
    "avg_cot_length": 244.710386656558,
    "sample_latency": 0.04269834175717207
}