{
    "n_samples": 1319,
    "accuracy": 0.7642153146322972,
    "avg_cot_length": 193.50037907505686,
    "sample_latency": 0.10542735536501568
}