{
    "n_samples": 1319,
    "accuracy": 0.7520849128127369,
    "avg_cot_length": 171.79605761940866,
    "sample_latency": 0.10035826420585164
}