{
    "n_samples": 1319,
    "accuracy": 0.8824867323730099,
    "avg_cot_length": 194.87717968157696,
    "sample_latency": 0.10356395853749724
}