{
    "n_samples": 1319,
    "accuracy": 0.9029567854435178,
    "avg_cot_length": 234.7543593631539,
    "sample_latency": 0.05240054596907447
}