{
    "n_samples": 1319,
    "accuracy": 0.77710386656558,
    "avg_cot_length": 194.78241091736163,
    "sample_latency": 0.10896618913935385
}