{
    "n_samples": 1319,
    "accuracy": 0.8832448824867324,
    "avg_cot_length": 187.03260045489006,
    "sample_latency": 0.09786086700647685
}