{
    "n_samples": 1319,
    "accuracy": 0.9052312357846853,
    "avg_cot_length": 256.8362395754359,
    "sample_latency": 0.12249167386648599
}