{
    "n_samples": 1319,
    "accuracy": 0.8127369219105383,
    "avg_cot_length": 246.4382107657316,
    "sample_latency": 0.12594301272197778
}