{
    "n_samples": 1319,
    "accuracy": 0.8043972706595905,
    "avg_cot_length": 227.1417740712661,
    "sample_latency": 0.11843816614042546
}