{
    "n_samples": 1319,
    "accuracy": 0.9363153904473086,
    "avg_cot_length": 272.0917361637604,
    "sample_latency": 0.2540129722294435
}