{
    "n_samples": 1319,
    "accuracy": 0.7952994692949203,
    "avg_cot_length": 226.97194844579226,
    "sample_latency": 0.1155983548529497
}