{
    "n_samples": 1319,
    "accuracy": 0.824109173616376,
    "avg_cot_length": 263.0295678544352,
    "sample_latency": 0.1296987012988966
}