{
    "n_samples": 1319,
    "accuracy": 0.9067475360121304,
    "avg_cot_length": 153.72479150871874,
    "sample_latency": 0.15088422918428157
}