{
    "n_samples": 1319,
    "accuracy": 0.9279757391963609,
    "avg_cot_length": 210.36542835481424,
    "sample_latency": 0.10804197967188027
}