{
    "n_samples": 1319,
    "accuracy": 0.9059893858984079,
    "avg_cot_length": 256.3229719484458,
    "sample_latency": 0.05581474991076096
}