{
    "n_samples": 1319,
    "accuracy": 0.9059893858984079,
    "avg_cot_length": 235.49734647460198,
    "sample_latency": 0.11615820903503325
}