{
    "n_samples": 1319,
    "accuracy": 0.9325246398786959,
    "avg_cot_length": 244.13874147081123,
    "sample_latency": 0.22712974931544838
}