{
    "n_samples": 1319,
    "accuracy": 0.8809704321455648,
    "avg_cot_length": 187.7884761182714,
    "sample_latency": 0.1003024487715946
}