{
    "n_samples": 1319,
    "accuracy": 0.8832448824867324,
    "avg_cot_length": 214.5966641394996,
    "sample_latency": 0.04927842232022347
}