{
    "n_samples": 1319,
    "accuracy": 0.8817285822592873,
    "avg_cot_length": 189.2554965883245,
    "sample_latency": 0.04619360530439699
}