{
    "n_samples": 1319,
    "accuracy": 0.9363153904473086,
    "avg_cot_length": 244.18498862774828,
    "sample_latency": 0.22705039262229335
}