{
    "n_samples": 1319,
    "accuracy": 0.8059135708870356,
    "avg_cot_length": 246.04018195602728,
    "sample_latency": 0.12532496705391444
}