{
    "n_samples": 1319,
    "accuracy": 0.9257012888551933,
    "avg_cot_length": 212.20015163002273,
    "sample_latency": 0.2000617323001286
}