{
    "n_samples": 1319,
    "accuracy": 0.9067475360121304,
    "avg_cot_length": 256.49431387414705,
    "sample_latency": 0.12386081180760497
}