{
    "n_samples": 1319,
    "accuracy": 0.9044730856709629,
    "avg_cot_length": 230.2388172858226,
    "sample_latency": 0.11384353536471352
}