{
    "n_samples": 1319,
    "accuracy": 0.7680060652009097,
    "avg_cot_length": 194.81046247156937,
    "sample_latency": 0.10666693947006121
}