{
    "n_samples": 1319,
    "accuracy": 0.8786959818043972,
    "avg_cot_length": 190.31463229719483,
    "sample_latency": 0.09903289803598214
}