{
    "n_samples": 1319,
    "accuracy": 0.8832448824867324,
    "avg_cot_length": 215.02729340409402,
    "sample_latency": 0.10833824412943831
}