{
    "n_samples": 1319,
    "accuracy": 0.9279757391963609,
    "avg_cot_length": 210.68915845337378,
    "sample_latency": 0.1981699954749419
}