{
    "n_samples": 1319,
    "accuracy": 0.9082638362395754,
    "avg_cot_length": 236.19408642911296,
    "sample_latency": 0.11519400417307636
}