{
    "n_samples": 1319,
    "accuracy": 0.9196360879454132,
    "avg_cot_length": 181.10538286580743,
    "sample_latency": 0.17714315133170705
}