{
    "n_samples": 1319,
    "accuracy": 0.9287338893100834,
    "avg_cot_length": 180.8081880212282,
    "sample_latency": 0.17366300341394292
}