{
    "n_samples": 1319,
    "accuracy": 0.9097801364670205,
    "avg_cot_length": 256.66262319939347,
    "sample_latency": 0.12307574389286345
}