{
    "n_samples": 1319,
    "accuracy": 0.9325246398786959,
    "avg_cot_length": 210.1410159211524,
    "sample_latency": 0.20150879533838556
}